date,added_tickers,removed_tickers
1996-01-22,['CSE'],['BCO']
1996-02-12,['BAY'],['CCB']
1996-03-08,['FITB'],['HDLM']
1996-03-13,['GNT'],['FBO']
1996-03-28,,['CYR']
1996-04-01,"['NLV', 'WCOEQ']","['CMB', 'I']"
1996-04-23,['AON'],['LOR']
1996-05-31,['TUP'],['PMI']
1996-07-19,['MTG'],['USHC']
1996-07-22,['BMGCA'],['CAL']
1996-08-16,"['SEG', 'HFS']",['COV']
1996-09-06,,['VAT']
1996-10-01,['LU'],['OM']
1996-10-16,['UPR'],['THY']
1996-11-04,['RX'],['YRCW']
1996-12-03,['MBI'],['CNW']
1996-12-19,['GDT'],['BLY']
1997-01-02,"['FRO', 'AZO', 'TMO']","['SHN', 'LUB', 'RYAN']"
1997-01-07,,['BOAT']
1997-01-08,['EHC'],
1997-01-15,['CNC'],['AAL']
1997-04-01,,['PAC']
1997-04-03,['PTC'],
1997-05-06,['ADBE'],['GLD']
1997-05-27,['CAH'],['CRR']
1997-06-02,['SCHW'],['DWD']
1997-06-18,['CFC'],['USH']
1997-06-19,['EFX'],['PEL']
1997-07-02,['WAMUQ'],['GWF']
1997-07-17,['SAI'],['GIDL']
1997-07-28,"['APA', 'APC']","['SFS', 'INGR']"
1997-08-01,,['MD']
1997-08-04,"['OI', 'PGR']",['USBC']
1997-08-06,['HBAN'],['ENS']
1997-08-07,['MIR'],['NAE']
1997-08-15,,['NYN']
1997-08-18,['STT'],
1997-09-02,['CCU'],['TDM']
1997-09-15,['KLAC'],['AMH']
1997-10-07,['YUM'],['SRR']
1997-10-23,['HBOC'],['LLX']
1997-11-28,,['SB']
1997-12-01,['SNV'],
1997-12-04,['BBT'],['BEV']
1997-12-18,['CINF'],['HFS']
1997-12-24,['OMC'],['FLMIQ']
1998-01-12,['LEHMQ'],['BBI']
1998-01-20,['BIG'],['ECO']
1998-01-28,['SUB'],['CBB']
1998-01-30,['NTRS'],['PAS']
1998-02-23,['MTL'],
1998-04-01,"['SEE', 'NXTL']","['SK', 'JH']"
1998-04-08,['AFS.A'],['CHRS']
1998-04-27,['GTW'],['FG']
1998-04-28,,['CFL']
1998-04-29,['BEN'],
1998-05-21,['MAR'],
1998-06-12,['ASND'],['DEC']
1998-06-29,['SRE'],['PET']
1998-07-01,"['COF', 'BSC', 'SLM']","['RYI', 'GNT', 'BNL']"
1998-07-10,['FMY'],['ECH']
1998-07-16,['DG'],['GFS.A']
1998-07-17,['WM'],['WMX']
1998-08-11,['EDS'],['WAI']
1998-08-14,['KSS'],['MST']
1998-08-28,['RF'],['DIGI']
1998-08-31,['PVT'],['BAY']
1998-09-15,,['MCIC']
1998-09-16,['NGH'],
1998-09-28,['HCR'],['MNR']
1998-09-30,,['DI']
1998-10-01,"['PAYX', 'UPC']",['AHM']
1998-10-02,"['AES', 'PSFT']","['FCN', 'USS']"
1998-10-07,['SPLS'],['GSX']
1998-10-08,,['CCI']
1998-11-03,['NCE'],
1998-11-13,['SWY'],
1998-11-18,['DHR'],['STO']
1998-11-24,['PCS'],['AS']
1998-12-22,['CCL'],['GRN']
1998-12-31,['SLR'],['PZE']
1999-01-04,,"['AN', 'FL', 'SAI']"
1999-01-13,['MCK'],['HBOC']
1999-03-01,['SOTR'],['ORX']
1999-03-10,['ASO'],['TCOMA']
1999-03-25,['CTL'],['RBD']
1999-04-05,['KSU'],['AMP']
1999-04-12,,['ANV']
1999-05-03,['CMS'],['UCC']
1999-05-28,"['DPHIQ', 'AFL']","['MWI', 'FMY']"
1999-06-04,['PWJ'],['BT']
1999-06-09,['WLP'],['HPH']
1999-06-22,['FPC'],['MII']
1999-06-24,['ODP'],['ASC']
1999-06-25,['NTAP'],['ASND']
1999-06-30,['BBY'],
1999-07-01,['VMC'],['PVT']
1999-07-22,['QCOM'],['TA']
1999-08-02,"['ADCT', 'AW']","['BFI', 'NLC']"
1999-08-09,['COC.B'],['BMGCA']
1999-08-13,['LXK'],['RYC']
1999-09-20,['TOS'],['MTL']
1999-09-29,['GX'],['FRO']
1999-10-01,"['BBBY', 'SXCL']","['FTL.A', 'BKB']"
1999-10-04,['PNW'],['PHB']
1999-10-11,,['AIT']
1999-10-12,['ADI'],
1999-10-13,['TROW'],['DGN']
1999-10-18,['LEG'],['CYM']
1999-10-26,['EP'],['SNT']
1999-10-27,['CMVT'],['AR']
1999-11-05,,['TEN']
1999-11-08,['XLNX'],['HRS']
1999-11-15,['TER'],['CSE']
1999-11-16,['QTRN'],['KWP']
1999-11-30,,['PPW']
1999-12-01,"['MOLX', 'CTXS']",['MOB']
1999-12-02,['OK'],
1999-12-08,,['LDW.B']
1999-12-31,,['HP']
2000-01-03,,['RNB']
2000-01-04,['NCR'],
2000-01-06,['YNR'],['NLV']
2000-01-31,"['CNXT', 'BGEN', 'HOG']","['FLTWQ', 'FWLT', 'CNG']"
2000-03-16,['TSG'],['SCI']
2000-04-03,"['VRTS', 'LLTC']","['PBY', 'PNU']"
2000-04-18,,['ARC']
2000-05-04,,['RLM']
2000-05-05,"['SEBL', 'SAPE']",
2000-05-10,['MXIM'],['JOS']
2000-06-01,['APCC'],['MIR']
2000-06-05,['A'],['NC']
2000-06-08,['SBUX'],['SMS']
2000-06-13,['CVG'],"['TMC', 'TMC.A']"
2000-06-15,,['UMG']
2000-06-16,['MEDI'],['CSR']
2000-06-19,['CF'],['CHA']
2000-06-20,,['WLA']
2000-06-21,"['TIF', 'SANM']",['SGID']
2000-06-29,"['VSTNQ', 'MERQ']","['IKN', 'MZIAQ']"
2000-07-03,['BRCM'],"['USW', 'GTE']"
2000-07-13,['JNS'],['KSU']
2000-07-17,['CIT.A'],['UPR']
2000-07-27,['VIAV'],['RAD']
2000-07-28,['PALM'],['COMS']
2000-08-21,['KSE'],['NCE']
2000-08-30,['DVN'],['GAPTQ']
2000-10-02,['AV'],['OWENQ']
2000-10-03,['DYN'],"['YNR', 'BFO']"
2000-10-18,['NBR'],['MKG']
2000-10-23,['PWER'],['UCM']
2000-11-02,"['NI', 'EOG']","['CG', 'EFU']"
2000-11-06,['BVSN'],['PWJ']
2000-11-17,,['ACKH']
2000-11-22,['FRX'],['SEG']
2000-11-24,['CHIR'],['FJ']
2000-12-01,['CPNLQ'],"['FPC', 'AFS.A']"
2000-12-05,['RHI'],
2000-12-11,"['ABKFQ', 'SBL', 'INTU', 'MET', 'AYE']","['BHMSQ', 'OI', 'CCK', 'GRA', 'VO']"
2000-12-12,"['QLGC', 'SYK', 'KMI', 'VTSS']","['PRD', 'RML', 'NGH', 'SMI']"
2000-12-22,['FLR'],['MEE']
2001-01-02,['AMCC'],
2001-01-30,['JBL'],['CGP']
2001-02-07,['UVN'],['UK']
2001-02-27,['FTR'],
2001-03-01,['CTAS'],['SUB']
2001-04-02,"['FISV', 'CE']","['OK', 'CEN']"
2001-04-03,['MIR'],['BGG']
2001-05-14,['PBG'],['SXCL']
2001-06-04,['MWW'],['CIT.A']
2001-06-25,['ZION'],['AZA.A']
2001-06-29,['JHF'],['H']
2001-07-02,['COL'],['LDG']
2001-07-09,['AWE'],['PCH']
2001-08-03,['PMCS'],['OAT']
2001-08-06,['FDO'],['ETS']
2001-08-07,['ZBH'],['TKR']
2001-08-29,,['AGC']
2001-08-30,"['ABC', 'CIEN']",['OKE']
2001-09-04,['IGT'],['BVSN']
2001-09-17,,['TOS']
2001-09-21,['IMNX'],
2001-10-10,"['TE', 'EOP']","['TX', 'GX']"
2001-11-07,['HMA'],['GPU']
2001-11-30,['NVDA'],['ENRNQ']
2001-12-03,['EQR'],['NSI']
2001-12-13,,['RAL']
2001-12-14,['GENZ'],
2001-12-17,['JNY'],['HM']
2002-01-02,['WAT'],['FMC']
2002-01-17,,['KM']
2002-01-30,,['MEA']
2002-02-01,['RATL'],['NMK']
2002-02-11,,['WLL']
2002-05-06,['FHN'],['CPQ']
2002-05-13,['TT'],['SAPE']
2002-05-15,"['BJS', 'APOL']","['UAWGQ', 'WCOEQ']"
2002-06-26,['SPG'],['CNXT']
2002-07-16,,['IMNX']
2002-07-17,['NFB'],
2002-07-22,"['PRU', 'EBAY', 'SDS', 'GS', 'EA', 'PFG', 'UPS']","['ABX', 'RDS.A', 'NRTLQ', 'INCLF', 'UN', 'PDG', 'AL']"
2002-07-25,['ANTM'],['CNC']
2002-08-14,,['PALM']
2002-08-21,,['VTSS']
2002-09-03,,['COC.B']
2002-09-04,['RAI'],
2002-12-12,['DGX'],['TRW']
2003-02-21,,['RATL']
2003-02-24,['AN'],
2003-03-14,['AIV'],['AAMRQ']
2003-03-21,['MKC'],['EHC']
2003-03-31,['SYMC'],['HI']
2003-04-16,['FII'],['PHA']
2003-07-17,['PLD'],['MIR']
2003-08-20,['MHS'],['MDR']
2003-09-26,['ESRX'],['QTRN']
2003-11-13,['BIIB'],['BGEN']
2004-02-27,['MTB'],['CE']
2004-03-25,['CMX'],['TUP']
2004-04-01,['ETFC'],['FBF']
2004-04-02,['ACS'],
2004-04-23,['MYL'],['PCS']
2004-04-29,['VLO'],['JHF']
2004-05-03,['HSP'],['AM']
2004-07-01,"['SOV', 'GILD']","['UPC', 'ONE']"
2004-08-03,['FSH'],['TNB']
2004-09-01,['TPR'],['CF']
2004-10-27,['CITGQ'],['AWE']
2004-11-01,['LH'],['SOTR']
2004-12-01,,['WLP']
2004-12-03,['FSL'],['WNDXQ']
2004-12-20,"['CBSS', 'ASN']","['CR', 'WOR', 'DLX']"
2004-12-29,['XTO'],['PSFT']
2005-03-14,['NOV'],['PWER']
2005-07-05,"['STZ', 'DHI']","['GLK', 'VRTS']"
2005-07-22,['WFT'],['TOY']
2005-08-11,['TSN'],['UCL']
2005-08-12,['VNO'],['SDS']
2005-08-15,['MUR'],['NXTL']
2005-08-19,['PSA'],['DALRQ']
2005-08-29,,['MAY']
2005-10-03,['AMP'],"['PVN', 'G']"
2005-10-04,['LEN'],
2005-10-11,['PDCO'],['DPHIQ']
2005-11-21,['AMZN'],
2005-12-02,['GNW'],['CPNLQ']
2005-12-20,['SSP'],['GP']
2006-01-03,"['VIAB', 'WFM']","['VSTNQ', 'KRB']"
2006-01-04,,['MERQ']
2006-01-05,['EL'],
2006-02-01,['VRSN'],"['SEBL', 'RBK']"
2006-02-27,['BRL'],['SFA']
2006-03-03,,['DCNAQ']
2006-04-03,"['KIM', 'DF', 'BXP', 'GOOGL']","['JP', 'CIN', 'BR', 'MYG']"
2006-04-20,['SNDK'],['CHIR']
2006-04-24,['LM'],['GDT']
2006-05-18,['EQ'],['AMCC']
2006-06-02,['JNPR'],['ABS']
2006-06-06,['CBH'],['EC']
2006-06-28,['CNX'],['KRI']
2006-07-18,['WIN'],['CTB']
2006-08-01,['H'],"['CAR', 'GTW']"
2006-08-11,['CME'],['KMG']
2006-10-02,['WU'],"['GDW', 'ANDW']"
2006-11-06,['CELG'],['ASO']
2006-11-10,"['FIS', 'CBRE']","['FSH', 'LPX']"
2006-11-17,['CTSH'],['ACV']
2006-11-20,['BTUUQ'],['HCA']
2006-12-01,['IAC'],"['LU', 'NFB']"
2006-12-04,,['FSL']
2006-12-20,['TEX'],['NAV']
2007-01-03,,"['PTC', 'BLS']"
2007-01-04,['ESV'],
2007-01-10,['AVB'],['SBL']
2007-02-01,,['CMVT']
2007-02-02,['RL'],
2007-02-12,['VAR'],['EOP']
2007-02-15,['HCBK'],['APCC']
2007-02-22,,['PGL']
2007-03-02,['CHRW'],['HMA']
2007-03-20,['HST'],['PD']
2007-03-23,['DDR'],['CMX']
2007-03-29,['ANF'],['UVN']
2007-04-02,['MDLZ'],['TSG']
2007-04-10,['AIZ'],['H']
2007-05-31,,['KMI']
2007-06-01,,['MEDI']
2007-07-02,"['TEL', 'GGP', 'DFS', 'COV']","['ADCT', 'MEL', 'PMCS', 'SANM']"
2007-07-09,['ACAS'],['DG']
2007-07-12,['AKAM'],['BMET']
2007-08-27,['JEF'],['KSE']
2007-09-07,['MCHP'],['CBSS']
2007-09-25,,['FDC']
2007-09-26,['ICE'],
2007-09-27,['ANDV'],['MXIM']
2007-10-01,['TDC'],['NCR']
2007-10-02,['EXPE'],['SLR']
2007-10-08,['NBL'],['ASN']
2007-10-10,['EXPD'],['TXU']
2007-10-25,['NYX'],['HLT']
2007-10-26,['JEC'],['AV']
2007-10-29,['TIE'],['BOL']
2007-11-09,,['HCR']
2007-11-16,['MTW'],['TEK']
2007-11-19,['AMT'],['AT']
2007-12-14,['GME'],['DJ']
2007-12-21,['RRC'],['TRB']
2007-12-31,['GHC'],['TIN']
2008-01-02,['TSS'],['SNV']
2008-01-29,['CAM'],['HET']
2008-03-31,['PM'],"['CBH', 'CCTYQ']"
2008-06-02,['ISRG'],['BSC']
2008-06-06,['SWN'],['TT']
2008-06-11,['LO'],['ABKFQ']
2008-06-23,"['COG', 'MEE']","['BC', 'OMX']"
2008-07-01,['SNI'],"['CFC', 'SSP']"
2008-07-18,['MA'],
2008-07-31,['DVA'],['CCU']
2008-08-21,['IVZ'],['IAC']
2008-08-26,,['EDS']
2008-08-27,['CF'],
2008-09-11,,"['FNMA', 'FMCC']"
2008-09-15,"['FAST', 'CRM']",
2008-09-17,,['LEHMQ']
2008-09-22,['HRS'],
2008-09-23,,['SAF']
2008-09-24,['PXD'],
2008-09-30,['APH'],"['WEN', 'WAMUQ']"
2008-10-02,['FLS'],
2008-10-07,['KDP'],['WWY']
2008-10-22,['NDAQ'],['DDS']
2008-10-31,['WEC'],['MTG']
2008-11-06,['SJM'],['TEX']
2008-11-11,,['UIS']
2008-11-13,['PBCT'],['GGP']
2008-11-14,"['XRAY', 'WYNN']","['HPC', 'ASH']"
2008-11-17,['CEPH'],
2008-11-18,,['BUD']
2008-11-19,['SRCL'],
2008-11-24,,['ABI']
2008-12-02,,['KATE']
2008-12-05,['RSG'],['AW']
2008-12-19,['EQT'],
2008-12-23,,['BRL']
2009-01-02,"['SCG', 'OI', 'FLIR']","['WB', 'NCC', 'MER']"
2009-01-06,['IRM'],['UST']
2009-01-30,['WELL'],['SOV']
2009-02-26,,['WFT']
2009-03-04,"['VTR', 'HRL']","['JNY', 'ACAS']"
2009-03-17,['ES'],
2009-03-27,['ORLY'],
2009-03-30,['TWC'],['DDR']
2009-04-02,['DNR'],['ROH']
2009-06-03,,['MTLQQ']
2009-06-05,['FTI'],['COV']
2009-06-09,['ATGE'],
2009-06-26,,['TEL']
2009-06-30,['TMUS'],
2009-07-01,"['PWR', 'WDC']",['EQ']
2009-07-27,['RHT'],['CITGQ']
2009-08-19,['FMC'],['CTX']
2009-09-01,['CFN'],['MTW']
2009-09-09,['ARG'],['CBE']
2009-10-16,['FSLR'],['WYE']
2009-11-04,,['SGP']
2009-11-06,['BKNG'],
2009-12-21,"['MJN', 'V', 'ROST', 'CLF', 'LDOS']","['CIEN', 'MBI', 'KBH', 'CVG', 'DYN']"
2009-12-23,['ROP'],['ESV']
2010-01-29,['NRG'],
2010-02-08,,['ACS']
2010-02-16,['BRK-B'],['BNI']
2010-02-26,,['RX']
2010-03-01,"['HP', 'DISCA']",['PBG']
2010-03-15,['OKE'],['BDK']
2010-04-29,,['BJS']
2010-04-30,['CERN'],
2010-06-28,['KMX'],['XTO']
2010-07-01,['QEP'],
2010-12-20,"['CVC', 'FFIV', 'NFLX', 'NFX']","['EKDKQ', 'NYT', 'ODP']"
2011-01-04,['MMI'],['MDP']
2011-01-18,,['QLGC']
2011-02-28,['JOY'],['AYE']
2011-03-01,['COV'],
2011-04-01,['EW'],
2011-04-04,['BLK'],['GENZ']
2011-04-28,['CMG'],['NOVL']
2011-06-02,,['MEE']
2011-07-01,['MPC'],
2011-07-06,['ACN'],
2011-09-26,['MOS'],
2011-10-14,,['CEPH']
2011-10-17,['TEL'],
2011-11-01,['XYL'],['ITT']
2011-11-23,['CBE'],['JNS']
2011-12-19,"['DLTR', 'BWA', 'PRGO']",['MWW']
2011-12-21,['TRIP'],['TLAB']
2012-01-03,['WPX'],
2012-03-13,['CCI'],
2012-04-02,,['MHS']
2012-05-01,['PSX'],['SVU']
2012-05-22,,['MMI']
2012-05-25,"['KMI', 'ALXN']",['EP']
2012-06-05,['LRCX'],
2012-06-29,['MNST'],
2012-07-02,['STX'],
2012-07-27,,['GR']
2012-07-31,['ESV'],
2012-09-05,['LYB'],
2012-10-01,['PNR'],"['ATGE', 'LXK']"
2012-10-02,['KRFT'],
2012-10-05,['PETM'],
2012-12-03,['DG'],['CBE']
2012-12-12,['GRMN'],['RRD']
2012-12-24,['APTV'],['TIE']
2013-01-02,['ABBV'],['FII']
2013-02-14,['PVH'],['BIG']
2013-05-01,['REGN'],['TMUS']
2013-05-09,['MAC'],
2013-05-24,['KSU'],['DF']
2013-06-07,['GM'],['HNZ']
2013-06-24,['ZTS'],['FHN']
2013-07-01,['NWSA'],['APOL']
2013-07-09,['NLSN'],
2013-09-11,['DAL'],
2013-09-23,"['VRTX', 'AME']","['LDOS', 'AMD']"
2013-11-13,['KORS'],['NYX']
2013-12-02,['ALLE'],['JCP']
2013-12-09,,['MOLX']
2013-12-10,['GGP'],
2013-12-23,"['FB', 'ADS', 'MHK']","['VIAV', 'ANF', 'TER']"
2014-01-24,['TSCO'],
2014-03-24,['GMCR'],['WPX']
2014-04-02,['ESS'],['CLF']
2014-04-03,['GOOG'],
2014-05-01,"['NAVI', 'UAA']",['SLM']
2014-05-07,,['LSI']
2014-05-08,['AVGO'],
2014-06-20,['XEC'],['IGT']
2014-07-01,['AMG'],['FRX']
2014-07-02,['MLM'],['X']
2014-08-07,['DISCK'],
2014-08-19,,['RDC']
2014-09-22,"['UHS', 'URI']","['GHC', 'BTUUQ']"
2014-11-05,['LVLT'],['JBL']
2014-12-05,['RCL'],['BMS']
2015-01-27,"['ENDP', 'HCA']","['SWY', 'COV']"
2015-03-12,['SWKS'],['PETM']
2015-03-17,,['CFN']
2015-03-18,['HSIC'],
2015-03-23,"['HBI', 'SLG', 'EQIX', 'AAL']","['NBR', 'DNR', 'AVP']"
2015-04-07,['O'],['WIN']
2015-06-12,['QRVO'],['LO']
2015-07-01,"['JBHT', 'BXLT']",['QEP']
2015-07-02,"['WRK', 'CPGX']","['MWV', 'ATI']"
2015-07-06,['KHC'],['KRFT']
2015-07-07,,['FDO']
2015-07-09,['AAP'],
2015-07-20,['PYPL'],
2015-08-31,['ATVI'],
2015-09-03,['UAL'],['HSP']
2015-09-21,"['CMCSK', 'NWS']",
2015-10-08,['VRSK'],['JOY']
2015-11-02,['HPE'],['HCBK']
2015-11-10,['FCPT'],
2015-11-17,,['FCPT']
2015-11-18,['SYF'],"['SIAL', 'GNW']"
2015-11-19,['ILMN'],
2015-11-30,['CSRA'],
2015-12-01,,['DXC']
2015-12-14,,['CMCSK']
2015-12-29,['CHD'],
2016-01-04,['CPRI'],
2016-01-05,['WLTW'],
2016-01-19,['EXR'],
2016-02-01,"['CFG', 'FRT']",['BRCM']
2016-02-22,['CXO'],
2016-03-03,,['GMCR']
2016-03-04,['AWK'],['CNX']
2016-03-07,['UDR'],
2016-03-30,"['CNC', 'HOLX']",['ESV']
2016-04-04,['FL'],['CAM']
2016-04-08,['UA'],
2016-04-18,['ULTA'],['THC']
2016-04-25,['GPN'],['GME']
2016-05-03,['AYI'],
2016-05-12,,['SNDK']
2016-05-13,['ALK'],
2016-05-18,['DLR'],['TWC']
2016-05-23,['LKQ'],['ARG']
2016-05-31,['AJG'],
2016-06-03,['TDG'],['BXLT']
2016-06-21,,['CVC']
2016-06-24,['FBHS'],
2016-07-01,"['LNT', 'ALB']","['TE', 'CPGX']"
2016-07-05,['FTV'],
2016-09-06,['MTD'],
2016-09-08,['CHTR'],
2016-09-23,['COO'],
2016-10-03,['COTY'],
2016-12-02,"['MAA', 'EVHC']","['OI', 'LM']"
2017-01-05,['IDXX'],['STJ']
2017-02-28,['INCY'],
2017-03-01,['CBOE'],['PBI']
2017-03-02,['REG'],['ENDP']
2017-03-13,['DISH'],['LLTC']
2017-03-16,['SNPS'],
2017-03-20,"['RJF', 'AMD', 'ARE']","['FTR', 'FSLR']"
2017-04-04,['DXC'],['SWN']
2017-04-05,['IT'],
2017-06-02,['INFO'],['TGNA']
2017-06-15,,['MJN']
2017-06-19,"['ALGN', 'ANSS', 'HLT', 'RE']","['R', 'TDC']"
2017-07-25,,['RAI']
2017-07-26,"['PKG', 'DRE', 'AOS', 'MGM', 'RMD']","['BBBY', 'MUR']"
2017-08-07,['BHF'],
2017-08-08,,['AN']
2017-08-28,,['WFM']
2017-08-29,['IQV'],
2017-09-01,"['DWDP', 'SBAC']",['DD']
2017-09-13,,['SPLS']
2017-09-18,['CDNS'],
2017-10-13,['NCLH'],['LVLT']
2017-12-29,,['BCR']
2018-01-03,['HII'],
2018-03-07,['IPGP'],['SNI']
2018-03-19,"['TTWO', 'NKTR', 'SIVB']",['PDCO']
2018-04-04,['MSCI'],['CSRA']
2018-05-31,['ABMD'],
2018-06-05,['EVRG'],['NAVI']
2018-06-07,['TWTR'],
2018-06-15,,['TWX']
2018-06-18,"['HFC', 'BR']","['RRC', 'AYI']"
2018-06-20,['FLT'],
2018-07-02,['CPRT'],['KDP']
2018-08-28,['ANET'],['GGP']
2018-09-17,['WCG'],
2018-09-19,,['KORS']
2018-10-01,['ROL'],['ANDV']
2018-10-11,['FTNT'],['EVHC']
2018-11-06,"['LIN', 'KEYS']",['CA']
2018-11-13,['JKHY'],['EQT']
2018-11-27,,['COL']
2018-11-29,,['AET']
2018-12-03,"['MXIM', 'FANG', 'LW']",['SRCL']
2018-12-21,,['ESRX']
2018-12-24,['CE'],
2019-01-02,['FRC'],['SCG']
2019-01-18,['TFX'],['PCG']
2019-02-15,['ATO'],['NFX']
2019-02-27,['WAB'],['GT']
2019-04-02,,['BHF']
2019-06-01,['LHX'],['HRS']
2019-06-03,"['DD', 'CTVA']","['FLR', 'DWDP']"
2019-06-07,['AMCR'],['MAT']
2019-07-01,['MKTX'],
2019-07-15,['TMUS'],['RHT']
2019-08-08,['GL'],['TMK']
2019-08-09,"['LDOS', 'IEX']","['FL', 'APC']"
2019-09-23,['CDW'],['TSS']
2019-09-26,['NVR'],['JEF']
2019-10-03,['LVS'],['NKTR']
2019-10-18,['BKR'],
2019-11-05,"['PEAK', 'NLOK']",['SYMC']
2019-11-21,['NOW'],['CELG']
2019-12-05,"['WRB', 'VIAC']","['CBS', 'VIAB']"
2019-12-09,"['ODFL', 'TFC']","['BBT', 'STI']"
2019-12-10,['J'],['JEC']
2019-12-23,"['STE', 'LYV', 'ZBRA']","['TRIP', 'MAC', 'AMG']"
2020-01-28,['PAYC'],['WCG']
2020-03-03,['TT'],['XEC']
2020-04-03,"['RTX', 'OTIS', 'CARR']",['UTX']
2020-04-06,['HWM'],"['RTN', 'M']"
2020-05-12,"['DPZ', 'DXCM']",['CPRI']
2020-05-22,['WST'],['HP']
2020-06-22,"['TYL', 'TDY', 'BIO']","['ADS', 'HOG', 'JWN']"
2020-09-18,['LUMN'],['CTL']
2020-09-21,"['ETSY', 'TER', 'CTLT']","['COTY', 'KSS', 'HRB']"
2020-10-07,['POOL'],['ETFC']
2020-10-12,['VNT'],['NBL']
2020-11-17,['VTRS'],['MYL']
2020-12-21,['TSLA'],['AIV']
2021-01-07,['ENPH'],['TIF']
2021-01-21,['TRMB'],['CXO']
2021-02-12,['MPWR'],['FTI']
2021-03-22,"['NXPI', 'GNRC', 'PENN', 'CZR']","['VNT', 'XRX', 'SLG', 'FLS']"
2021-04-20,['PTC'],['VAR']
2021-05-14,['CRL'],['FLIR']
2021-06-04,['OGN'],['HFC']
2021-07-21,['MRNA'],['ALXN']
2021-08-03,['BBWI'],['LB']
2021-08-30,['TECH'],['MXIM']
2021-09-20,"['BRO', 'CDAY', 'MTCH']","['NOV', 'PRGO', 'UNM']"
2021-10-04,['CTRA'],['COG']
2021-12-14,['EPAM'],['KSU']
2021-12-20,"['SEDG', 'SBNY', 'FDS']","['LEG', 'HBI', 'WU']"
2022-01-20,['WTW'],['WLTW']
2022-02-02,,['GPS']
2022-02-15,['NDSN'],['XLNX']
2022-02-17,['PARA'],['VIAC']
2022-03-02,['MOH'],['INFO']
2022-04-04,['CPT'],['PBCT']
2022-04-11,['WBD'],"['DISCA', 'DISCK']"
2022-05-10,['BALL'],['BLL']
2022-06-08,['VICI'],['CERN']
2022-06-09,['META'],['FB']
2022-06-21,"['KDP', 'ON']","['UAA', 'IPGP', 'UA']"
2022-06-28,['ELV'],['ANTM']
2022-09-19,"['INVH', 'CSGP']","['PENN', 'PVH']"
2022-10-03,"['EQT', 'PCG']","['DRE', 'CTXS']"
2022-10-12,['TRGP'],['NLSN']
2022-11-01,['ACGL'],['TWTR']
2022-11-08,['GEN'],['NLOK']
2022-12-19,['FSLR'],['FBHS']
2022-12-22,['STLD'],['ABMD']
2023-01-04,['GEHC'],['VNO']
2023-03-15,"['BG', 'PODD']","['SBNY', 'SIVB']"
2023-03-20,['FICO'],['LUMN']
2023-05-07,['AXON'],['FRC']
2023-05-09,"['BRK.B', 'BF.B']","['BRK-B', 'BF-B']"
2023-05-14,['BF-B'],['BF.B']
2023-05-17,"['DOW', 'IR', 'CEG', 'FOX', 'FOXA']",
2023-05-18,['RVTY'],['PKI']
2023-06-03,['PANW'],['DISH']
2023-06-04,['DISH'],['PANW']
2023-06-08,['FI'],['FISV']
2023-06-20,['PANW'],['DISH']
2023-07-11,['EG'],['RE']
2023-08-29,['KVUE'],['AAP']
2023-08-31,,['ABC']
2023-09-01,['ABC'],
2023-09-02,,['ABC']
2023-09-03,['COR'],
2023-09-18,"['ABNB', 'BX']","['LNC', 'NWL']"
2023-09-24,['BRK-B'],['BRK.B']
2023-09-26,['BRK.B'],['BRK-B']
2023-10-06,['VLTO'],['DXC']
2023-10-14,,['ATVI']
2023-10-18,"['HUBB', 'LULU']",['OGN']
2023-12-17,"['UBER', 'JBL', 'BLDR']","['SEE', 'SEDG', 'ALK']"
2023-12-31,['RVTY (Previously PKI)'],['RVTY']
2024-01-01,['RVTY'],['RVTY (Previously PKI)']
2024-02-02,['DAY'],['CDAY']
2024-03-04,['DOC'],['PEAK']
2024-03-18,"['DECK', 'SMCI']","['ZION', 'WHR']"
2024-03-26,,['FLT']
2024-03-27,['CPAY'],
2024-04-02,['SOLV'],
2024-04-03,['GEV'],
2024-04-04,,"['XRAY', 'VFC']"
2024-05-04,,['PXD']
2024-05-08,['VST'],
2024-06-23,"['GDDY', 'CRWD', 'KKR']","['CMA', 'RHI', 'ILMN']"
2024-07-09,,['WRK']
2024-07-12,['SW'],
2024-08-04,['BF.B'],['BF-B']
2024-09-22,"['DELL', 'ERIE', 'PLTR']","['BIO', 'AAL', 'ETSY']"
2024-10-01,['AMTM'],['BBWI']
2024-11-23,,['MRO']
2024-11-26,['TPL'],
2024-12-19,,['CTLT']
2024-12-24,['LII'],
2024-12-26,"['APO', 'WDAY']","['QRVO', 'AMTM']"
2025-03-25,"['EXE', 'DASH', 'WSM', 'TKO']","['CE', 'TFX', 'BWA', 'FMC']"
2025-05-13,['COIN'],
2025-05-14,,['COIN']
2025-05-17,['COIN'],['DFS']
2025-07-04,,['JNPR']
2025-07-11,['DDOG'],
2025-07-18,['TTD'],['ANSS']
2025-07-22,,['HES']
2025-07-23,['XYZ'],
2025-08-09,,['PARA']
2025-08-12,['PSKY'],
2025-08-27,['IBKR'],
2025-08-30,,['WBA']
2025-09-06,"['EME', 'APP', 'HOOD']","['ENPH', 'MKTX', 'CZR']"
2025-09-09,"['ENPH', 'MKTX', 'CZR']","['EME', 'APP', 'HOOD']"
2025-09-23,"['EME', 'APP', 'HOOD']","['ENPH', 'MKTX', 'CZR']"
2025-10-31,['SOLS'],['KMX']
2025-11-06,['Q'],['EMN']
2025-11-13,['FISV'],['FI']
2025-11-29,,['IPG']
2025-12-02,['SNDK'],
2025-12-12,,['K']
2025-12-13,['ARES'],
